content,sentiment
The event was okay but could use more variety,neutral
The door handle broke unexpectedly which is frustrating,negative
The river was calming and perfect for a boat ride,positive
The discussion was okay but could be more lively,neutral
The lamp stopped turning on after a power outage,negative
The amusement park was exciting and full of fun rides,positive
The essay was okay but could use more research,neutral
The washing machine stopped draining water properly,negative
The city park was full of vibrant colors and activities,positive
The menu was okay but lacked creativity,neutral
The headphones stopped producing sound on one side,negative
The presentation was just okay nothing extraordinary,neutral
The package arrived late and damaged,negative
The music at the event was incredible and lively,positive
The new update is fine but not much different,neutral
The product stopped working after a week,negative
I had a fantastic time at the concert,positive
The meal was average not great,neutral
The device is faulty and does not work properly,negative
The hotel experience was relaxing and enjoyable,positive
I love this product it makes my life easier,positive
The weather today is fine nothing special,neutral
I am unhappy with the quality of the service,negative
This book is amazing and inspiring,positive
The product description was misleading and incorrect,negative
The city tour was fascinating and educational,positive
The seminar was average and not very engaging,neutral
The keyboard keys stopped responding after a few weeks,negative
I am very happy with my new camera it takes great photos,positive
The discussion was okay but not very enlightening,neutral
The TV remote stopped working without any reason,negative
The festival was exciting and full of joy,positive
The store's customer service was just average,neutral
The food was cold and tasted terrible,negative
I feel great about my achievements and progress,positive
The session was okay but could have been better,neutral
The fridge stopped cooling properly after a few months,negative
The hiking trail was challenging but rewarding,positive
The guide was okay but lacked enthusiasm,neutral
The bike chain snapped unexpectedly during a ride,negative
The sunset was mesmerizing and peaceful,positive
The update was alright but nothing impressive,neutral
The printer keeps jamming which is annoying,negative
The spa treatment was soothing and refreshing,positive
The lecture was okay but not very informative,neutral
The car engine makes a strange noise sometimes,negative
The flower arrangements were stunning and elegant,positive
The menu options were okay but a bit limited,neutral
The toaster burned the bread every time,negative
The coffee was rich and full of flavor,positive
The instructions were clear but not very detailed,neutral
The luggage wheels broke during my trip,negative
The design of the room was elegant and cozy,positive
The feedback session was okay but not very helpful,neutral
The light bulb blew out after a few days,negative
The garden is flourishing with beautiful plants,positive
The manual was adequate but lacked illustrations,neutral
The zipper on the bag broke on the first use,negative
The art exhibition was inspiring and thought-provoking,positive
The package arrived on time but was slightly damaged,neutral
The air conditioner stopped cooling efficiently,negative
The coffee shop ambiance was warm and inviting,positive
The instructions were okay but could be clearer,neutral
The watch stopped working after getting wet in the rain,negative
The recipe was easy to follow and delicious,positive
The presentation was fine but not very engaging,neutral
The phone charger stopped working after a month,negative
The landscape was stunning and picturesque,positive
The article was somewhat informative but lacked depth,neutral
The electric kettle stopped boiling water properly,negative
The road trip was exciting and full of adventure,positive
The speech was okay but not very memorable,neutral
The dishwasher started leaking water after use,negative
The evening was filled with laughter and happiness,positive
The user manual was clear but a bit confusing,neutral
The television stopped working after a year,negative
The river was calm and perfect for a boat ride,positive
The report was okay but lacked concrete data,neutral
The earbuds stopped working after a short time,negative
The hiking trail was filled with stunning views,positive
The conference was somewhat informative but too long,neutral
The table was wobbly and unstable which is frustrating,negative
The massage was relaxing and just what I needed,positive
The instructions were adequate but not very helpful,neutral
The lawnmower broke down after a few uses,negative
The weekend getaway was refreshing and fun,positive
The menu was okay but lacked vegetarian options,neutral
The shoes started falling apart after a week,negative
The library was peaceful and perfect for studying,positive
The training was okay but not very insightful,neutral
The camera stopped capturing clear pictures after a while,negative
The park was beautiful and perfect for a picnic,positive
The game was decent but had some glitches,neutral
The vacuum cleaner stopped working efficiently,negative
The view from the rooftop was breathtaking and serene,positive
The essay was fine but needed more research,neutral
The headphones stopped working after a few months,negative
The museum had fascinating exhibits and artifacts,positive
The interview was okay but not very challenging,neutral
The blender broke while making a smoothie,negative
The garden was full of fragrant flowers and herbs,positive
The presentation was average but could use more visuals,neutral
The oven stopped heating food properly,negative
The play was entertaining and well performed,positive
The menu options were okay but a bit pricey,neutral
The heater stopped working during winter which is frustrating,negative
The trip was adventurous and full of excitement,positive
The webinar was somewhat informative but a bit dry,neutral
The hair dryer stopped functioning after a few uses,negative
The coffee shop was cozy and had great coffee,positive
The book was okay but not very gripping,neutral
The keyboard stopped typing certain keys which is annoying,negative
The art gallery was full of captivating pieces,positive
The event was alright but lacked excitement,neutral
The washing machine flooded the laundry room,negative
The painting was vibrant and full of life,positive
The discussion was fine but could be more interactive,neutral
The chair broke when I sat on it which is disappointing,negative
The movie had stunning visuals and a great plot,positive
The class was okay but not very engaging,neutral
The microwave stopped heating food evenly,negative
The view from the cabin was breathtaking and peaceful,positive
The article was informative but not very engaging,neutral
The gaming console stopped working suddenly,negative
The waterfall was mesmerizing and soothing,positive
The lecture was fine but could use more examples,neutral
The alarm clock stopped working after a power outage,negative
The dog park was full of playful dogs and friendly owners,positive
The recipe was okay but needed more seasoning,neutral
The iron stopped steaming clothes properly,negative
The vacation was filled with laughter and great memories,positive
The workshop was somewhat informative but a bit boring,neutral
The printer ran out of ink quickly which is inconvenient,negative
The novel was gripping and hard to put down,positive
The tutorial was fine but could use more detailed instructions,neutral
The blender stopped working while making a smoothie,negative
The landscape was stunning and perfect for photographs,positive
The session was okay but not very interactive,neutral
The headphones broke after a month of use,negative
The aquarium was full of fascinating sea creatures,positive
The meeting was alright but could use more structure,neutral
The lamp stopped working after a few days,negative
The garden party was elegant and enjoyable,positive
The interface was okay but not very intuitive,neutral
The power bank stopped charging devices efficiently,negative
The recipe was easy to follow and resulted in delicious food,positive
The report was okay but could use more graphs,neutral
The flashlight stopped working in the middle of a hike,negative
The mountain view was stunning and worth the hike,positive
The feedback was fine but not very actionable,neutral
The headphones broke unexpectedly which is frustrating,negative
The brunch was delightful and had a variety of options,positive
The exercise class was okay but could be more challenging,neutral
The refrigerator stopped cooling food properly,negative
The beach was serene and perfect for relaxation,positive
The guide was fine but could use more enthusiasm,neutral
The smartwatch stopped syncing with my phone,negative
The city skyline was breathtaking and full of lights,positive
The demonstration was okay but could use more detail,neutral
The vacuum cleaner stopped picking up dirt effectively,negative
The theater performance was captivating and well executed,positive
The phone was okay but could use more features,neutral
The laptop stopped charging after a few months,negative
The spa was luxurious and provided a great experience,positive
The menu was okay but lacked variety,neutral
The remote stopped working after falling off the couch,negative
The park was full of beautiful scenery and wildlife,positive

